Symbol,Group,Sector,Checked
20MICRONS,,,2026-09-24
21STCENMGM,,,2026-09-24
360ONE,,,2026-09-24
3BBLACKBIO,,,2026-09-24
3MINDIA,,,2026-09-24
3PLAND,,,2026-09-24
5PAISA,,,2026-09-24
63MOONS,,,2026-09-24
A2ZINFRA,,,2026-09-24
AAATECH,,,2026-09-24
AADHARHFC,,,2026-09-24
AAKASH,,,2026-09-24
AAREYDRUGS,,,2026-09-24
AARON,,,2026-09-24
AARTIDRUGS,,,2026-09-24
AARTIIND,,,2026-09-24
AARTIPHARM,,,2026-09-24
AARVI,,,2026-09-24
AASTHA,,,2026-09-24
AAVAS,,,2026-09-24
ABANSENT,,,2026-09-24
ABB,,,2026-09-24
ABBOTINDIA,,,2026-09-24
ABCAPITAL,,,2026-09-24
ABCOTS,,,2026-09-24
ABDL,,,2026-09-24
ABFRL,,,2026-09-24
ABLBL,,,2026-09-24
ABMKNO,,,2026-09-24
ABREL,,,2026-09-24
ABSLAMC,,,2026-09-24
ACC,,,2026-09-24
ACCELYA,,,2026-09-24
ACE,,,2026-09-24
ACEINTEG,,,2026-09-24
ACGL,,,2026-09-24
ACI,,,2026-09-24
ACL,,,2026-09-24
ACMESOLAR,,,2026-09-24
ACUTAAS,,,2026-09-24
ADANIENSOL,,,2026-09-24
ADANIENT,,,2026-09-24
ADANIGREEN,,,2026-09-24
ADANIPORTS,,,2026-09-24
ADANIPOWER,,,2026-09-24
ADDIND,,,2026-09-24
ADFFOODS,,,2026-09-24
ADL,,,2026-09-24
ADOR,,,2026-09-24
ADROITINFO,,,2026-09-24
ADSL,,,2026-09-24
ADVAIT,,,2026-09-24
ADVANCE,,,2026-09-24
ADVANIHOTR,,,2026-09-24
ADVENTHTL,,,2026-09-24
ADVENZYMES,,,2026-09-24
ADVIKCA,,,2026-09-24
AEGISLOG,,,2026-09-24
AEGISVOPAK,,,2026-09-24
AEPL,,,2026-09-24
AEQUS,,,2026-09-24
AEROENTER,,,2026-09-24
AEROFLEX,,,2026-09-24
AERONEU,,,2026-09-24
AEROPLANE,,,2026-09-24
AETHER,,,2026-09-24
AFCONS,,,2026-09-24
AFFLE,,,2026-09-24
AFFORDABLE,,,2026-09-24
AFIL,,,2026-09-24
AFSL,,,2026-09-24
AGARIND,,,2026-09-24
AGARWALEYE,,,2026-09-24
AGI,,,2026-09-24
AGIIL,,,2026-09-24
AGL,,,2026-09-24
AGRITECH,,,2026-09-24
AGROPHOS,,,2026-09-24
AHCL,,,2026-09-24
AHLADA,,,2026-09-24
AHLEAST,,,2026-09-24
AHLUCONT,,,2026-09-24
AIAENG,,,2026-09-24
AIIL,,,2026-09-24
AIRAN,,,2026-09-24
AIROLAM,,,2026-09-24
AJANTPHARM,,,2026-09-24
AJAXENGG,,,2026-09-24
AJMERA,,,2026-09-24
AJOONI,,,2026-09-24
AKASH,,,2026-09-24
AKCAPIT,,,2026-09-24
AKG,,,2026-09-24
AKSHAR,,,2026-09-24
AKUMS,,,2026-09-24
ALANKIT,,,2026-09-24
ALBERTDAVD,,,2026-09-24
ALEMBICLTD,,,2026-09-24
ALFREDHE,,,2026-09-24
ALGOQUANT,,,2026-09-24
ALICON,,,2026-09-24
ALIVUS,,,2026-09-24
ALKALI,,,2026-09-24
ALKEM,,,2026-09-24
ALKYLAMINE,,,2026-09-24
ALLCARGO,,,2026-09-24
ALLDIGI,,,2026-09-24
ALLTIME,,,2026-09-24
ALMONDZ,,,2026-09-24
ALOKINDS,,,2026-09-24
ALPA,,,2026-09-24
ALPINETEX,,,2026-09-24
ALUFLUOR,,,2026-09-24
AMAGI,,,2026-09-24
AMAL,,,2026-09-24
AMARJOTHI,,,2026-09-24
AMBER,,,2026-09-24
AMBICAAGAR,,,2026-09-24
AMBIKCO,,,2026-09-24
AMBUJACEM,,,2026-09-24
AMJLAND,,,2026-09-24
AMNPLST,,,2026-09-24
AMRUTANJAN,,,2026-09-24
ANANDRATHI,,,2026-09-24
ANANTRAJ,,,2026-09-24
ANDHRAPAP,,,2026-09-24
ANDHRSUGAR,,,2026-09-24
ANDREWYU,,,2026-09-24
ANGELONE,,,2026-09-24
ANIKINDS,,,2026-09-24
ANNAPURNA,,,2026-09-24
ANNU,,,2026-09-24
ANSALBU,,,2026-09-24
ANTELOPUS,,,2026-09-24
ANTGRAPHIC,,,2026-09-24
ANTHEM,,,2026-09-24
ANUHPHR,,,2026-09-24
ANUP,,,2026-09-24
ANURAS,,,2026-09-24
APARINDS,,,2026-09-24
APCL,,,2026-09-24
APCOTEXIND,,,2026-09-24
APEX,,,2026-09-24
APLAPOLLO,,,2026-09-24
APLLTD,,,2026-09-24
APOLLO,,,2026-09-24
APOLLOHOSP,,,2026-09-24
APOLLOPIPE,,,2026-09-24
APOLLOTYRE,,,2026-09-24
APOLSINHOT,,,2026-09-24
APOORVA,,,2026-09-24
APTECHT,,,2026-09-24
APTUS,,,2026-09-24
AQYLON,,,2026-09-24
ARCHIDPLY,,,2026-09-24
ARCHIES,,,2026-09-24
ARCIL,,,2026-09-24
ARCL,,,2026-09-24
ARDEE,,,2026-09-24
ARE&M,,,2026-09-24
ARENTERP,,,2026-09-24
ARFIN,,,2026-09-24
ARIHANT,,,2026-09-24
ARIHANTCAP,,,2026-09-24
ARIHANTSUP,,,2026-09-24
ARIS,,,2026-09-24
ARKADE,,,2026-09-24
ARMANFIN,,,2026-09-24
AROGRANITE,,,2026-09-24
ARROWGREEN,,,2026-09-24
ARSSBL,,,2026-09-24
ARTEMISMED,,,2026-09-24
ARTNIRMAN,,,2026-09-24
ARVEE,,,2026-09-24
ARVIND,,,2026-09-24
ARVINDFASN,,,2026-09-24
ARVSMART,,,2026-09-24
ARYAMAN,,,2026-09-24
ASAHIINDIA,,,2026-09-24
ASAL,,,2026-09-24
ASALCBR,,,2026-09-24
ASHAPURMIN,,,2026-09-24
ASHIANA,,,2026-09-24
ASHIMASYN,,,2026-09-24
ASHOKA,,,2026-09-24
ASHOKAMET,,,2026-09-24
ASHOKLEY,,,2026-09-24
ASIANENE,,,2026-09-24
ASIANHOTNR,,,2026-09-24
ASIANPAINT,,,2026-09-24
ASIANTILES,,,2026-09-24
ASIANTNE,,,2026-09-24
ASKAUTOLTD,,,2026-09-24
ASMS,,,2026-09-24
ASPINWALL,,,2026-09-24
ASSAMENT,,,2026-09-24
ASTAR,,,2026-09-24
ASTEC,,,2026-09-24
ASTERDM,,,2026-09-24
ASTRAL,,,2026-09-24
ASTRAMICRO,,,2026-09-24
ASTRAZEN,,,2026-09-24
ATALREAL,,,2026-09-24
ATAM,,,2026-09-24
ATGL,,,2026-09-24
ATHERENERG,,,2026-09-24
ATL,,,2026-09-24
ATLANTAA,,,2026-09-24
ATLANTAELE,,,2026-09-24
ATLASCYCLE,,,2026-09-24
ATUL,,,2026-09-24
ATULAUTO,,,2026-09-24
AUBANK,,,2026-09-24
AUGMONT,,,2026-09-24
AURIONPRO,,,2026-09-24
AUROPHARMA,,,2026-09-24
AURUM,,,2026-09-24
AURUS,,,2026-09-24
AUSOMENT,,,2026-09-24
AUSTENG,,,2026-09-24
AUTOAXLES,,,2026-09-24
AUTOIND,,,2026-09-24
AVADHSUGAR,,,2026-09-24
AVALON,,,2026-09-24
AVANCE,,,2026-09-24
AVANTEL,,,2026-09-24
AVANTIFEED,,,2026-09-24
AVL,,,2026-09-24
AVONMORE,,,2026-09-24
AVROIND,,,2026-09-24
AVTNPL,,,2026-09-24
AWFIS,,,2026-09-24
AWHCL,,,2026-09-24
AWL,,,2026-09-24
AXISBANK,,,2026-09-24
AXISCADES,,,2026-09-24
AXITA,,,2026-09-24
AXTEL,,,2026-09-24
AYE,,,2026-09-24
AYMSYNTEX,,,2026-09-24
AZAD,,,2026-09-24
AZADIND,,,2026-09-24
BAGFILMS,,,2026-09-24
BAIDFIN,,,2026-09-24
BAJAJ-AUTO,,,2026-09-24
BAJAJCON,,,2026-09-24
BAJAJELEC,,,2026-09-24
BAJAJFINSV,,,2026-09-24
BAJAJHCARE,,,2026-09-24
BAJAJHFL,,,2026-09-24
BAJAJHIND,,,2026-09-24
BAJAJHLDNG,,,2026-09-24
BAJAJINDEF,,,2026-09-24
BAJAJST,,,2026-09-24
BAJEL,,,2026-09-24
BAJFINANCE,,,2026-09-24
BALAJEE,,,2026-09-24
BALAJITELE,,,2026-09-24
BALAMINES,,,2026-09-24
BALAXI,,,2026-09-24
BALKRISHNA,,,2026-09-24
BALKRISIND,,,2026-09-24
BALMLAWRIE,,,2026-09-24
BALPHARMA,,,2026-09-24
BALRAMCHIN,,,2026-09-24
BALUFORGE,,,2026-09-24
BANARBEADS,,,2026-09-24
BANARISUG,,,2026-09-24
BANCOINDIA,Auto Parts,Consumer Cyclical,2026-09-24
BANDHANBNK,Banks - Regional,Financial Services,2026-09-24
BANG,Apparel Manufacturing,Consumer Cyclical,2026-09-24
BANKA,Pollution & Treatment Controls,Industrials,2026-09-24
BANKBARODA,Banks - Regional,Financial Services,2026-09-24
BANKINDIA,Banks - Regional,Financial Services,2026-09-24
BANSALWIRE,Steel,Basic Materials,2026-09-24
BANSWRAS,Textile Manufacturing,Consumer Cyclical,2026-09-24
BASF,Specialty Chemicals,Basic Materials,2026-09-24
BATAINDIA,Footwear & Accessories,Consumer Cyclical,2026-09-24
BATLIBOI,Specialty Industrial Machinery,Industrials,2026-09-24
BAYERCROP,Agricultural Inputs,Basic Materials,2026-09-24
BBL,Electrical Equipment & Parts,Industrials,2026-09-24
BBOX,Software - Application,Technology,2026-09-24
BBTC,Packaged Foods,Consumer Defensive,2026-09-24
BBTCL,Packaging & Containers,Consumer Cyclical,2026-09-24
BCG,Advertising Agencies,Communication Services,2026-09-24
BCLIND,Beverages - Wineries & Distilleries,Consumer Defensive,2026-09-24
BCONCEPTS,Footwear & Accessories,Consumer Cyclical,2026-09-24
BCPL,Infrastructure Operations,Industrials,2026-09-24
BDL,Aerospace & Defense,Industrials,2026-09-24
BEARDSELL,Building Products & Equipment,Industrials,2026-09-24
BECTORFOOD,Packaged Foods,Consumer Defensive,2026-09-24
BEDMUTHA,Steel,Basic Materials,2026-09-24
BEEKAY,Steel,Basic Materials,2026-09-24
BEL,Aerospace & Defense,Industrials,2026-09-24
BELLACASA,Textile Manufacturing,Consumer Cyclical,2026-09-24
BELRISE,Auto Parts,Consumer Cyclical,2026-09-24
BEML,Conglomerates,Industrials,2026-09-24
BENARAS,Lodging,Consumer Cyclical,2026-09-24
BENGALASM,Auto Parts,Consumer Cyclical,2026-09-24
BEPL,Chemicals,Basic Materials,2026-09-24
BERGEPAINT,Specialty Chemicals,Basic Materials,2026-09-24
BESTAGRO,Agricultural Inputs,Basic Materials,2026-09-24
BETA,Drug Manufacturers - Specialty & Generic,Healthcare,2026-09-24
BFINVEST,Asset Management,Financial Services,2026-09-24
BFUTILITIE,Infrastructure Operations,Industrials,2026-09-24
BHAGCHEM,Agricultural Inputs,Basic Materials,2026-09-24
BHAGERIA,Specialty Chemicals,Basic Materials,2026-09-24
BHAGYANGR,Copper,Basic Materials,2026-09-24
BHANDARI,Apparel Manufacturing,Consumer Cyclical,2026-09-24
BHARATCOAL,Coking Coal,Basic Materials,2026-09-24
BHARATFORG,Metal Fabrication,Industrials,2026-09-24
BHARATRAS,Agricultural Inputs,Basic Materials,2026-09-24
BHARATSE,Auto Parts,Consumer Cyclical,2026-09-24
BHARATWIRE,Steel,Basic Materials,2026-09-24
BHARTIARTL,Telecom Services,Communication Services,2026-09-24
BHARTIHEXA,Telecom Services,Communication Services,2026-09-24
BHEL,Specialty Industrial Machinery,Industrials,2026-09-24
BIGBLOC,Building Products & Equipment,Industrials,2026-09-24
BIKAJI,Packaged Foods,Consumer Defensive,2026-09-24
BIL,Footwear & Accessories,Consumer Cyclical,2026-09-24
BIMETAL,Auto Parts,Consumer Cyclical,2026-09-24
BIOCON,Biotechnology,Healthcare,2026-09-24
BIOFILCHEM,Drug Manufacturers - Specialty & Generic,Healthcare,2026-09-24
BIRLACABLE,Communication Equipment,Technology,2026-09-24
BIRLACORPN,Building Materials,Basic Materials,2026-09-24
BIRLAMONEY,Capital Markets,Financial Services,2026-09-24
BIRLANU,Building Products & Equipment,Industrials,2026-09-24
BLACKBUCK,Software - Application,Technology,2026-09-24
BLACKROSE,,,2026-09-28
BLAL,Shell Companies,Financial Services,2026-09-24
BLBLIMITED,Capital Markets,Financial Services,2026-09-24
BLEL,Steel,Basic Materials,2026-09-24
BLIL,Conglomerates,Industrials,2026-09-24
BLKASHYAP,Engineering & Construction,Industrials,2026-09-24
BLS,Specialty Business Services,Industrials,2026-09-24
BLSE,Specialty Business Services,Industrials,2026-09-24
BLUECLOUDS,Information Technology Services,Technology,2026-09-24
BLUECOAST,Lodging,Consumer Cyclical,2026-09-24
BLUEDART,Integrated Freight & Logistics,Industrials,2026-09-24
BLUEJET,Biotechnology,Healthcare,2026-09-24
BLUESTARCO,Building Products & Equipment,Industrials,2026-09-24
BLUESTONE,Luxury Goods,Consumer Cyclical,2026-09-24
BLUSPRING,Specialty Business Services,Industrials,2026-09-24
BMWVENTLTD,Steel,Basic Materials,2026-09-24
BNAGROCHEM,Packaged Foods,Consumer Defensive,2026-09-24
BODALCHEM,Specialty Chemicals,Basic Materials,2026-09-24
BOHRAIND,Agricultural Inputs,Basic Materials,2026-09-24
BOMDYEING,Textile Manufacturing,Consumer Cyclical,2026-09-24
BONLON,Other Industrial Metals & Mining,Basic Materials,2026-09-24
BORANA,Textile Manufacturing,Consumer Cyclical,2026-09-24
BOROLTD,"Furnishings, Fixtures & Appliances",Consumer Cyclical,2026-09-24
BORORENEW,Solar,Technology,2026-09-24
BOROSCI,Packaging & Containers,Consumer Cyclical,2026-09-24
BOSCH-HCIL,"Furnishings, Fixtures & Appliances",Consumer Cyclical,2026-09-24
BOSCHLTD,Auto Parts,Consumer Cyclical,2026-09-24
BPCL,Oil & Gas Refining & Marketing,Energy,2026-09-24
BPL,Consumer Electronics,Technology,2026-09-24
BPLPHARMA,Drug Manufacturers - Specialty & Generic,Healthcare,2026-09-24
BRAHMINFRA,Engineering & Construction,Industrials,2026-09-24
BRIGADE,Real Estate - Development,Real Estate,2026-09-24
BRIGHOTEL,Lodging,Consumer Cyclical,2026-09-24
BRIGHTBR,Specialty Chemicals,Basic Materials,2026-09-24
BRITANNIA,Packaged Foods,Consumer Defensive,2026-09-24
BRNL,Infrastructure Operations,Industrials,2026-09-24
BROOKS,Drug Manufacturers - Specialty & Generic,Healthcare,2026-09-24
BSE,Financial Data & Stock Exchanges,Financial Services,2026-09-24
BSHSL,Agricultural Inputs,Basic Materials,2026-09-24
BSL,Textile Manufacturing,Consumer Cyclical,2026-09-24
BSOFT,Information Technology Services,Technology,2026-09-24
BTML,Entertainment,Communication Services,2026-09-24
BUILDPRO,Home Improvement Retail,Consumer Cyclical,2026-09-24
BUTTERFLY,"Furnishings, Fixtures & Appliances",Consumer Cyclical,2026-09-24
BVCL,Building Materials,Basic Materials,2026-09-24
BYKE,Lodging,Consumer Cyclical,2026-09-24
CAMLINFINE,Specialty Chemicals,Basic Materials,2026-09-24
CAMPUS,Footwear & Accessories,Consumer Cyclical,2026-09-24
CAMS,Information Technology Services,Technology,2026-09-24
CANBK,Banks - Regional,Financial Services,2026-09-24
CANFINHOME,Mortgage Finance,Financial Services,2026-09-24
CANHLIFE,Insurance - Life,Financial Services,2026-09-24
CANTABIL,Apparel Manufacturing,Consumer Cyclical,2026-09-24
CAPACITE,Engineering & Construction,Industrials,2026-09-24
CAPILLARY,Software - Application,Technology,2026-09-24
CAPITALSFB,Banks - Regional,Financial Services,2026-09-24
CAPLIPOINT,Drug Manufacturers - Specialty & Generic,Healthcare,2026-09-24
CARBORUNIV,Conglomerates,Industrials,2026-09-24
CARERATING,Financial Data & Stock Exchanges,Financial Services,2026-09-24
CARRARO,Auto Parts,Consumer Cyclical,2026-09-24
CARTRADE,Auto & Truck Dealerships,Consumer Cyclical,2026-09-24
CARYSIL,"Furnishings, Fixtures & Appliances",Consumer Cyclical,2026-09-24
CASTROLIND,Oil & Gas Refining & Marketing,Energy,2026-09-24
CCAVENUE,Software - Infrastructure,Technology,2026-09-24
CCCL,Engineering & Construction,Industrials,2026-09-24
CCHHL,Lodging,Consumer Cyclical,2026-09-24
CCL,Packaged Foods,Consumer Defensive,2026-09-24
CDSL,Capital Markets,Financial Services,2026-09-24
CEATLTD,Auto Parts,Consumer Cyclical,2026-09-24
CEIGALL,Engineering & Construction,Industrials,2026-09-24
CEINSYS,Engineering & Construction,Industrials,2026-09-24
CELEBRITY,Apparel Manufacturing,Consumer Cyclical,2026-09-24
CELLO,"Furnishings, Fixtures & Appliances",Consumer Cyclical,2026-09-24
CEMPRO,Engineering & Construction,Industrials,2026-09-24
CENTENKA,Textile Manufacturing,Consumer Cyclical,2026-09-24
CENTEXT,Aluminum,Basic Materials,2026-09-24
CENTRALBK,Banks - Regional,Financial Services,2026-09-24
CENTRUM,Financial Conglomerates,Financial Services,2026-09-24
CENTUM,Electronic Components,Technology,2026-09-24
CENTURYPLY,Lumber & Wood Production,Basic Materials,2026-09-24
CERA,Building Products & Equipment,Industrials,2026-09-24
CESC,Utilities - Regulated Electric,Utilities,2026-09-24
CEWATER,Utilities - Regulated Water,Utilities,2026-09-24
CGCL,Credit Services,Financial Services,2026-09-24
CGPOWER,Electrical Equipment & Parts,Industrials,2026-09-24
CGVAK,Software - Application,Technology,2026-09-24
CHALET,Lodging,Consumer Cyclical,2026-09-24
CHAMBLFERT,Agricultural Inputs,Basic Materials,2026-09-24
CHEMBOND,Specialty Chemicals,Basic Materials,2026-09-24
CHEMCON,,,2026-09-28
CHEMCRUX,Specialty Chemicals,Basic Materials,2026-09-24
CHEMFAB,Specialty Chemicals,Basic Materials,2026-09-24
CHEMPLASTS,Chemicals,Basic Materials,2026-09-24
CHENNPETRO,Oil & Gas Refining & Marketing,Energy,2026-09-24
CHEVIOT,Textile Manufacturing,Consumer Cyclical,2026-09-24
CHOICEIN,Capital Markets,Financial Services,2026-09-24
CHOLAFIN,Credit Services,Financial Services,2026-09-24
CHOLAHLDNG,Credit Services,Financial Services,2026-09-24
CIEINDIA,Auto Parts,Consumer Cyclical,2026-09-24
CIFL,Credit Services,Financial Services,2026-09-24
CINELINE,Entertainment,Communication Services,2026-09-24
CINEVISTA,Entertainment,Communication Services,2026-09-24
CIPLA,Drug Manufacturers - Specialty & Generic,Healthcare,2026-09-24
CLEAN,Specialty Chemicals,Basic Materials,2026-09-24
CLEANMAX,Utilities - Renewable,Utilities,2026-09-24
CLEDUCATE,Education & Training Services,Consumer Defensive,2026-09-24
CLSEL,Packaged Foods,Consumer Defensive,2026-09-24
CMLL,Thermal Coal,Energy,2026-09-24
CMPDI,Other Industrial Metals & Mining,Basic Materials,2026-09-24
CMRGREEN,Aluminum,Basic Materials,2026-09-24
CMSINFO,Specialty Business Services,Industrials,2026-09-24
CNL,Electronics & Computer Distribution,Technology,2026-09-24
COALINDIA,Thermal Coal,Energy,2026-09-24
COASTCORP,Packaged Foods,Consumer Defensive,2026-09-24
COCHINSHIP,Aerospace & Defense,Industrials,2026-09-24
COCKERILL,Metal Fabrication,Industrials,2026-09-24
COFFEEDAY,Restaurants,Consumer Cyclical,2026-09-24
COFORGE,Information Technology Services,Technology,2026-09-24
COHANCE,Drug Manufacturers - Specialty & Generic,Healthcare,2026-09-24
COLPAL,Household & Personal Products,Consumer Defensive,2026-09-24
COMFINTE,Conglomerates,Industrials,2026-09-24
COMPEAU,Auto & Truck Dealerships,Consumer Cyclical,2026-09-24
COMPUSOFT,Education & Training Services,Consumer Defensive,2026-09-24
COMSYN,Packaging & Containers,Consumer Cyclical,2026-09-24
CONCOR,Railroads,Industrials,2026-09-24
CONCORDBIO,Biotechnology,Healthcare,2026-09-24
CONFIPET,Oil & Gas Refining & Marketing,Energy,2026-09-24
CONTROLPR,Business Equipment & Supplies,Industrials,2026-09-24
CORALFINAC,Real Estate Services,Real Estate,2026-09-24
CORDELIA,Marine Shipping,Industrials,2026-09-24
CORDSCABLE,Electrical Equipment & Parts,Industrials,2026-09-24
COROMANDEL,Agricultural Inputs,Basic Materials,2026-09-24
CORONA,Drug Manufacturers - General,Healthcare,2026-09-24
COSMOFIRST,Packaging & Containers,Consumer Cyclical,2026-09-24
CPCAP,Credit Services,Financial Services,2026-09-24
CPEDU,Education & Training Services,Consumer Defensive,2026-09-24
CPL,Farm & Heavy Construction Machinery,Industrials,2026-09-24
CPPLUS,Building Products & Equipment,Industrials,2026-09-24
CRAFTSMAN,Auto Parts,Consumer Cyclical,2026-09-24
CRAMC,Asset Management,Financial Services,2026-09-24
CRAVATEX,Leisure,Consumer Cyclical,2026-09-24
CREATIVEYE,Entertainment,Communication Services,2026-09-24
CREDITACC,Credit Services,Financial Services,2026-09-24
CREST,Financial Conglomerates,Financial Services,2026-09-24
CRESTO,Entertainment,Communication Services,2026-09-24
CRISIL,Financial Data & Stock Exchanges,Financial Services,2026-09-24
CRIZAC,Education & Training Services,Consumer Defensive,2026-09-24
CROMPTON,"Furnishings, Fixtures & Appliances",Consumer Cyclical,2026-09-24
CROWN,Rental & Leasing Services,Industrials,2026-09-24
CSBBANK,Banks - Regional,Financial Services,2026-09-24
CSLFINANCE,Credit Services,Financial Services,2026-09-24
CSM,Information Technology Services,Technology,2026-09-24
CUB,Banks - Regional,Financial Services,2026-09-24
CUBEXTUB,Copper,Basic Materials,2026-09-24
CUMMINSIND,Specialty Industrial Machinery,Industrials,2026-09-24
CUPID,Household & Personal Products,Consumer Defensive,2026-09-24
CYIENT,Conglomerates,Industrials,2026-09-24
CYIENTDLM,Aerospace & Defense,Industrials,2026-09-24
DABUR,Household & Personal Products,Consumer Defensive,2026-09-24
DALBHARAT,Building Materials,Basic Materials,2026-09-24
DALMIASUG,Confectioners,Consumer Defensive,2026-09-24
DAMCAPITAL,Capital Markets,Financial Services,2026-09-24
DANGEE,Restaurants,Consumer Cyclical,2026-09-24
DATAMATICS,Information Technology Services,Technology,2026-09-24
DATAPATTNS,Aerospace & Defense,Industrials,2026-09-24
DAVANGERE,Confectioners,Consumer Defensive,2026-09-24
DBCORP,Publishing,Communication Services,2026-09-24
DBEIL,Engineering & Construction,Industrials,2026-09-24
DBL,Engineering & Construction,Industrials,2026-09-24
DBOL,Farm Products,Consumer Defensive,2026-09-24
DBREALTY,Real Estate - Development,Real Estate,2026-09-24
DCAL,Biotechnology,Healthcare,2026-09-24
DCBBANK,Banks - Regional,Financial Services,2026-09-24
DCI,Electronics & Computer Distribution,Technology,2026-09-24
DCM,,,2026-09-25
DCMFINSERV,,,2026-09-25
DCMNVL,,,2026-09-25
DCMSHRIRAM,,,2026-09-25
DCMSIL,,,2026-09-25
DCMSRIND,,,2026-09-25
DCW,,,2026-09-25
DCXINDIA,,,2026-09-25
DDEVPLSTIK,,,2026-09-25
DECCANCE,,,2026-09-25
DECNGOLD,,,2026-09-25
DEEDEV,,,2026-09-25
DEEPA,,,2026-09-25
DEEPAKFERT,,,2026-09-25
DEEPAKNTR,,,2026-09-25
DEEPINDS,,,2026-09-25
DELHIVERY,,,2026-09-25
DELTACORP,,,2026-09-25
DELTAMAGNT,,,2026-09-25
DEN,,,2026-09-25
DENORA,,,2026-09-25
DENTA,,,2026-09-25
DEVIT,,,2026-09-25
DEVX,,,2026-09-25
DEVYANI,,,2026-09-25
DGCONTENT,,,2026-09-25
DHAMPURSUG,,,2026-09-25
DHANBANK,,,2026-09-25
DHANUKA,,,2026-09-25
DHARMAJ,,,2026-09-25
DHATRE,,,2026-09-25
DHOOTTRANS,,,2026-09-25
DHRUV,,,2026-09-25
DHUNINV,,,2026-09-25
DIAMINESQ,,,2026-09-25
DIAMONDYD,,,2026-09-25
DICIND,,,2026-09-25
DIFFNKG,,,2026-09-25
DIGIDRIVE,,,2026-09-25
DIGISPICE,,,2026-09-25
DIGITIDE,Specialty Business Services,Industrials,2026-09-25
DISAQ,,,2026-09-25
DISHTV,Entertainment,Communication Services,2026-09-25
DIVGIITTS,Auto Parts,Consumer Cyclical,2026-09-25
DIVISLAB,Drug Manufacturers - Specialty & Generic,Healthcare,2026-09-25
DIXON,Consumer Electronics,Technology,2026-09-25
DJML,Specialty Business Services,Industrials,2026-09-25
DLF,Real Estate - Development,Real Estate,2026-09-25
DLINKINDIA,Communication Equipment,Technology,2026-09-25
DMART,Discount Stores,Consumer Defensive,2026-09-25
DMCC,Chemicals,Basic Materials,2026-09-25
DNAMEDIA,Publishing,Communication Services,2026-09-25
DODLA,Food Distribution,Consumer Defensive,2026-09-25
DOLATALGO,Capital Markets,Financial Services,2026-09-25
DOLLAR,Apparel Manufacturing,Consumer Cyclical,2026-09-25
DOLLEX,Confectioners,Consumer Defensive,2026-09-25
DOLPHIN,Oil & Gas Equipment & Services,Energy,2026-09-25
DOMS,Business Equipment & Supplies,Industrials,2026-09-25
DONEAR,Textile Manufacturing,Consumer Cyclical,2026-09-25
DPABHUSHAN,Luxury Goods,Consumer Cyclical,2026-09-25
DRAGARWQ,Medical Care Facilities,Healthcare,2026-09-25
DRCSYSTEMS,Information Technology Services,Technology,2026-09-25
DREAMFOLKS,Airports & Air Services,Industrials,2026-09-25
DREDGECORP,Engineering & Construction,Industrials,2026-09-25
DRREDDY,Drug Manufacturers - Specialty & Generic,Healthcare,2026-09-25
DSFCL,Specialty Chemicals,Basic Materials,2026-09-25
DSSL,Information Technology Services,Technology,2026-09-25
DUCON,Specialty Industrial Machinery,Industrials,2026-09-25
DVL,Capital Markets,Financial Services,2026-09-25
DWARKESH,Confectioners,Consumer Defensive,2026-09-25
DYCL,Electrical Equipment & Parts,Industrials,2026-09-25
DYNAMATECH,Auto Parts,Consumer Cyclical,2026-09-25
DYNPRO,Specialty Chemicals,Basic Materials,2026-09-25
EASEMYTRIP,Travel Services,Consumer Cyclical,2026-09-25
EASTWEST,Integrated Freight & Logistics,Industrials,2026-09-25
EBGNG,Computer Hardware,Technology,2026-09-25
ECLERX,Information Technology Services,Technology,2026-09-25
ECORECO,Waste Management,Industrials,2026-09-25
ECOSMOBLTY,Rental & Leasing Services,Industrials,2026-09-25
EDELWEISS,Financial Conglomerates,Financial Services,2026-09-25
EFCIL,Real Estate Services,Real Estate,2026-09-25
EICHERMOT,Auto Manufacturers,Consumer Cyclical,2026-09-25
EIDPARRY,Agricultural Inputs,Basic Materials,2026-09-25
EIEL,Engineering & Construction,Industrials,2026-09-25
EIHAHOTELS,Lodging,Consumer Cyclical,2026-09-25
EIHOTEL,Lodging,Consumer Cyclical,2026-09-25
EIMCOELECO,Farm & Heavy Construction Machinery,Industrials,2026-09-25
EKC,Specialty Industrial Machinery,Industrials,2026-09-25
EKI,Consulting Services,Industrials,2026-09-25
ELANTAS,Specialty Chemicals,Basic Materials,2026-09-25
ELCIDIN,,,2026-09-25
ELDEHSG,Real Estate Services,Real Estate,2026-09-25
ELECON,Specialty Industrial Machinery,Industrials,2026-09-25
ELECTCAST,Building Products & Equipment,Industrials,2026-09-25
ELECTHERM,Steel,Basic Materials,2026-09-25
ELGIEQUIP,Specialty Industrial Machinery,Industrials,2026-09-25
ELGIRUBCO,Auto Parts,Consumer Cyclical,2026-09-25
ELIN,Electrical Equipment & Parts,Industrials,2026-09-25
ELITECON,Tobacco,Consumer Defensive,2026-09-25
ELLEN,Chemicals,Basic Materials,2026-09-25
ELPROINTL,Real Estate Services,Real Estate,2026-09-25
EMAMILTD,Household & Personal Products,Consumer Defensive,2026-09-25
EMAMIREAL,Real Estate - Development,Real Estate,2026-09-25
EMBDL,Real Estate - Diversified,Real Estate,2026-09-25
EMCURE,Drug Manufacturers - Specialty & Generic,Healthcare,2026-09-25
EMIL,Specialty Retail,Consumer Cyclical,2026-09-25
EMKAY,Capital Markets,Financial Services,2026-09-25
EMMVEE,Solar,Technology,2026-09-25
EMPIND,Conglomerates,Industrials,2026-09-25
EMPOWER,Electronics & Computer Distribution,Technology,2026-09-25
EMSLIMITED,Engineering & Construction,Industrials,2026-09-25
EMUDHRA,Software - Application,Technology,2026-09-25
ENDURANCE,Auto Parts,Consumer Cyclical,2026-09-25
ENERGYDEV,Utilities - Regulated Electric,Utilities,2026-09-25
ENGINERSIN,Engineering & Construction,Industrials,2026-09-25
ENIL,Broadcasting,Communication Services,2026-09-25
ENKEIWHEL,Auto Parts,Consumer Cyclical,2026-09-25
ENRIN,Utilities - Renewable,Utilities,2026-09-25
ENTERO,Medical Distribution,Healthcare,2026-09-25
EPACK,"Furnishings, Fixtures & Appliances",Consumer Cyclical,2026-09-25
EPACKPEB,Engineering & Construction,Industrials,2026-09-25
EPIGRAL,Chemicals,Basic Materials,2026-09-25
EPL,Packaging & Containers,Consumer Cyclical,2026-09-25
EQUITASBNK,Banks - Regional,Financial Services,2026-09-25
ERIS,Drug Manufacturers - Specialty & Generic,Healthcare,2026-09-25
ESABINDIA,Tools & Accessories,Industrials,2026-09-25
ESCORTS,Farm & Heavy Construction Machinery,Industrials,2026-09-25
ESDS,Information Technology Services,Technology,2026-09-25
ESSARSHPNG,Marine Shipping,Industrials,2026-09-25
ESSENTIA,Food Distribution,Consumer Defensive,2026-09-25
ESTER,Specialty Chemicals,Basic Materials,2026-09-25
ETERNAL,Internet Retail,Consumer Cyclical,2026-09-25
ETHOSLTD,Luxury Goods,Consumer Cyclical,2026-09-25
EUREKAFORB,"Furnishings, Fixtures & Appliances",Consumer Cyclical,2026-09-25
EUROBOND,Building Products & Equipment,Industrials,2026-09-25
EUROPRATIK,Building Materials,Basic Materials,2026-09-25
EUROTEXIND,,,2026-09-28
EVEREADY,Electrical Equipment & Parts,Industrials,2026-09-25
EXCELINDUS,Specialty Chemicals,Basic Materials,2026-09-25
EXCELSOFT,Software - Application,Technology,2026-09-25
EXICOM,Electrical Equipment & Parts,Industrials,2026-09-25
EXIDEIND,Auto Parts,Consumer Cyclical,2026-09-25
EXPLEOSOL,Information Technology Services,Technology,2026-09-25
EXXARO,Building Products & Equipment,Industrials,2026-09-25
FABTECH,Health Information Services,Healthcare,2026-09-25
FACT,Agricultural Inputs,Basic Materials,2026-09-25
FAZE3Q,Textile Manufacturing,Consumer Cyclical,2026-09-25
FCL,Specialty Chemicals,Basic Materials,2026-09-25
FCSSOFT,Information Technology Services,Technology,2026-09-25
FDC,Drug Manufacturers - Specialty & Generic,Healthcare,2026-09-25
FEDDERSHOL,Credit Services,Financial Services,2026-09-25
FEDERALBNK,Banks - Regional,Financial Services,2026-09-25
FEDFINA,Credit Services,Financial Services,2026-09-25
FERMENTA,Drug Manufacturers - Specialty & Generic,Healthcare,2026-09-25
FIBERWEB,Textile Manufacturing,Consumer Cyclical,2026-09-25
FIEMIND,Auto Parts,Consumer Cyclical,2026-09-25
FILATEX,Textile Manufacturing,Consumer Cyclical,2026-09-25
FILATFASH,Apparel Manufacturing,Consumer Cyclical,2026-09-25
FINCABLES,Electrical Equipment & Parts,Industrials,2026-09-25
FINEORG,Specialty Chemicals,Basic Materials,2026-09-25
FINKURVE,Credit Services,Financial Services,2026-09-25
FINOPB,Banks - Regional,Financial Services,2026-09-25
FINPIPE,Building Products & Equipment,Industrials,2026-09-25
FIRSTCRY,Internet Retail,Consumer Cyclical,2026-09-25
FISCHER,Medical Devices,Healthcare,2026-09-25
FIVESTAR,Credit Services,Financial Services,2026-09-25
FLAIR,Business Equipment & Supplies,Industrials,2026-09-25
FLUOROCHEM,Specialty Chemicals,Basic Materials,2026-09-25
FMGOETZE,Auto Parts,Consumer Cyclical,2026-09-25
FMNL,Real Estate Services,Real Estate,2026-09-25
FOODSIN,Packaged Foods,Consumer Defensive,2026-09-25
FORCEMOT,Auto Manufacturers,Consumer Cyclical,2026-09-25
FORTIS,Medical Care Facilities,Healthcare,2026-09-25
FOSECOIND,Chemicals,Basic Materials,2026-09-25
FRACTAL,Software - Infrastructure,Technology,2026-09-25
FREDUN,Drug Manufacturers - Specialty & Generic,Healthcare,2026-09-25
FRONTSP,Metal Fabrication,Industrials,2026-09-25
FSL,Information Technology Services,Technology,2026-09-25
FUSION,Credit Services,Financial Services,2026-09-25
GABRIEL,Auto Parts,Consumer Cyclical,2026-09-25
GAEL,Packaged Foods,Consumer Defensive,2026-09-25
GAIL,Utilities - Regulated Gas,Utilities,2026-09-25
GAJA,Asset Management,Financial Services,2026-09-25
GALAPREC,Specialty Industrial Machinery,Industrials,2026-09-25
GALAXYSURF,Specialty Chemicals,Basic Materials,2026-09-25
GALLANTT,Steel,Basic Materials,2026-09-25
GANDHAR,Oil & Gas Refining & Marketing,Energy,2026-09-25
GANDHITUBE,Metal Fabrication,Industrials,2026-09-25
GANECOS,Textile Manufacturing,Consumer Cyclical,2026-09-25
GANESHCP,Packaged Foods,Consumer Defensive,2026-09-25
GANESHHOU,Real Estate - Development,Real Estate,2026-09-25
GANGAFORGE,Metal Fabrication,Industrials,2026-09-25
GANGESSECU,Packaged Foods,Consumer Defensive,2026-09-25
GARFIBRES,Textile Manufacturing,Consumer Cyclical,2026-09-25
GARUDA,Engineering & Construction,Industrials,2026-09-25
GATEWAY,Integrated Freight & Logistics,Industrials,2026-09-25
GAUDIUMIVF,Medical Care Facilities,Healthcare,2026-09-25
GAYAHWS,Infrastructure Operations,Industrials,2026-09-25
GAYAPROJ,Engineering & Construction,Industrials,2026-09-25
GCSL,Capital Markets,Financial Services,2026-09-25
GEEKAYWIRE,Electrical Equipment & Parts,Industrials,2026-09-25
GEMAROMA,Chemicals,Basic Materials,2026-09-25
GENCON,Engineering & Construction,Industrials,2026-09-25
GENESYS,Software - Application,Technology,2026-09-25
GENUSPAPER,Paper & Paper Products,Basic Materials,2026-09-25
GENUSPOWER,Electrical Equipment & Parts,Industrials,2026-09-25
GEOJITFSL,Capital Markets,Financial Services,2026-09-25
GESHIP,Marine Shipping,Industrials,2026-09-25
GFLLIMITED,Asset Management,Financial Services,2026-09-25
GHCL,Chemicals,Basic Materials,2026-09-25
GHCLTEXTIL,Textile Manufacturing,Consumer Cyclical,2026-09-25
GICHSGFIN,Mortgage Finance,Financial Services,2026-09-25
GICRE,Insurance - Reinsurance,Financial Services,2026-09-25
GILLANDERS,Farm Products,Consumer Defensive,2026-09-25
GILLETTE,Household & Personal Products,Consumer Defensive,2026-09-25
GIPCL,Utilities - Regulated Electric,Utilities,2026-09-25
GKB,Medical Instruments & Supplies,Healthcare,2026-09-25
GKENERGY,Utilities - Renewable,Utilities,2026-09-25
GKSL,Medical Care Facilities,Healthcare,2026-09-25
GKWLIMITED,Specialty Business Services,Industrials,2026-09-25
GLAND,Drug Manufacturers - Specialty & Generic,Healthcare,2026-09-25
GLASSWALL,Engineering & Construction,Industrials,2026-09-25
GLAXO,Drug Manufacturers - General,Healthcare,2026-09-25
GLENMARK,Drug Manufacturers - Specialty & Generic,Healthcare,2026-09-25
GLFL,Shell Companies,Financial Services,2026-09-25
GLOBAL,Education & Training Services,Consumer Defensive,2026-09-25
GLOBALE,Textile Manufacturing,Consumer Cyclical,2026-09-25
GLOBALVECT,Airports & Air Services,Industrials,2026-09-25
GLOBE,Textile Manufacturing,Consumer Cyclical,2026-09-25
GLOBECIVIL,Engineering & Construction,Industrials,2026-09-25
GLOBUSSPR,Beverages - Wineries & Distilleries,Consumer Defensive,2026-09-25
GLOSTERLTD,Textile Manufacturing,Consumer Cyclical,2026-09-25
GLOTTIS,Integrated Freight & Logistics,Industrials,2026-09-25
GMBREW,Beverages - Wineries & Distilleries,Consumer Defensive,2026-09-25
GMDCLTD,Thermal Coal,Energy,2026-09-25
GMMPFAUDLR,Specialty Industrial Machinery,Industrials,2026-09-25
GMRAIRPORT,Airports & Air Services,Industrials,2026-09-25
GMRP&UI,Thermal Coal,Energy,2026-09-25
GNA,Auto Parts,Consumer Cyclical,2026-09-25
GNFC,Chemicals,Basic Materials,2026-09-25
GNRL,Oil & Gas E&P,Energy,2026-09-25
GOACARBON,Specialty Chemicals,Basic Materials,2026-09-25
GOCLCORP,Specialty Chemicals,Basic Materials,2026-09-25
GOCOLORS,Apparel Retail,Consumer Cyclical,2026-09-25
GODAVARIB,Chemicals,Basic Materials,2026-09-25
GODFRYPHLP,Tobacco,Consumer Defensive,2026-09-25
GODIGIT,Insurance - Property & Casualty,Financial Services,2026-09-25
GODREJAGRO,Packaged Foods,Consumer Defensive,2026-09-25
GODREJCP,Household & Personal Products,Consumer Defensive,2026-09-25
GODREJIND,Conglomerates,Industrials,2026-09-25
GODREJPROP,Real Estate - Development,Real Estate,2026-09-25
GOKEX,,,2026-09-28
GOKUL,,,2026-09-28
GOKULAGRO,,,2026-09-28
GOLDIAM,,,2026-09-28
GOODLUCK,,,2026-09-28
GOODYEAR,,,2026-09-28
GOPAL,,,2026-09-28
GOYALALUM,,,2026-09-28
GPIL,,,2026-09-28
GPPL,,,2026-09-28
GPTHEALTH,,,2026-09-28
GPTINFRA,,,2026-09-28
GRANDOAK,,,2026-09-28
GRANULES,,,2026-09-28
GRAPHITE,,,2026-09-28
GRASIM,,,2026-09-28
GRAUWEIL,,,2026-09-28
GRAVITA,,,2026-09-28
GREAVESCOT,,,2026-09-28
GREENLAM,,,2026-09-28
GREENPANEL,,,2026-09-28
GREENPLY,,,2026-09-28
GREENPOWER,,,2026-09-28
GRINDWELL,,,2026-09-28
GRINFRA,,,2026-09-28
GRMOVER,,,2026-09-28
GROBTEA,,,2026-09-28
GROWW,,,2026-09-28
GRPLTD,,,2026-09-28
GRSE,,,2026-09-28
GRWRHITECH,,,2026-09-28
GSFC,,,2026-09-28
GSLSU,,,2026-09-28
GSPCROP,,,2026-09-28
GSS,,,2026-09-28
GTECJAINX,,,2026-09-28
GTL,,,2026-09-28
GTLINFRA,,,2026-09-28
GTPL,,,2026-09-28
GUFICBIO,,,2026-09-28
GUJALKALI,,,2026-09-28
GUJAPOLLO,,,2026-09-28
GUJENERGY,,,2026-09-28
GUJRAFFIA,,,2026-09-28
GUJTHEM,,,2026-09-28
GULFOILLUB,,,2026-09-28
GULPOLY,,,2026-09-28
GVPIL,,,2026-09-28
GVT&D,,,2026-09-28
GYFTR,,,2026-09-28
HAL,,,2026-09-28
HALDER,,,2026-09-28
HALDYNGL,,,2026-09-28
HALEOSLABS,,,2026-09-28
HAMPTON,,,2026-09-28
HAPPSTMNDS,,,2026-09-28
HAPPYFORGE,,,2026-09-28
HARDWYN,,,2026-09-28
HARIOMPIPE,,,2026-09-28
HARRMALAYA,,,2026-09-28
HARSHA,,,2026-09-28
HATHWAY,,,2026-09-28
HATSUN,,,2026-09-28
HAVELLS,,,2026-09-28
HAVISHA,,,2026-09-28
HAWKINCOOK,,,2026-09-28
HAZOOR,,,2026-09-28
HBESD,,,2026-09-28
HBLENGINE,,,2026-09-28
HBPOR,,,2026-09-28
HBSL,,,2026-09-28
HCC,,,2026-09-28
HCG,,,2026-09-28
HCL-INSYS,,,2026-09-28
HCLTECH,,,2026-09-28
HDBFS,,,2026-09-28
HDFCAMC,,,2026-09-28
HDFCBANK,,,2026-09-28
HDFCLIFE,,,2026-09-28
HEADSUP,,,2026-09-28
HEALTHX,,,2026-09-28
HECPROJECT,,,2026-09-28
HEGAM,,,2026-09-28
HEIDELBERG,,,2026-09-28
HEMIPROP,,,2026-09-28
HERANBA,,,2026-09-28
HERITGFOOD,,,2026-09-28
HEROMOTOCO,,,2026-09-28
HEROMOTORS,,,2026-09-28
HESTERBIO,,,2026-09-28
HEXATRADEX,,,2026-09-28
HEXT,,,2026-09-28
HGINFRA,,,2026-09-28
HGM,,,2026-09-28
HGS,,,2026-09-28
HIKAL,,,2026-09-28
HILINFRA,,,2026-09-28
HILTON,,,2026-09-28
HIMATSEIDE,,,2026-09-28
HINDADH,,,2026-09-28
HINDALCO,,,2026-09-28
HINDALUMI,,,2026-09-28
HINDCOMPOS,,,2026-09-28
HINDCON,,,2026-09-28
HINDCOPPER,,,2026-09-28
HINDOILEXP,,,2026-09-28
HINDPETRO,,,2026-09-28
HINDUNILVR,,,2026-09-28
HINDWAREAP,,,2026-09-28
HINDZINC,,,2026-09-28
HIRECT,,,2026-09-28
HISARMETAL,,,2026-09-28
HITECH,,,2026-09-28
HLEGLAS,,,2026-09-28
HLVLTD,,,2026-09-28
HMAAGRO,,,2026-09-28
HNDFDS,,,2026-09-28
HOMEFIRST,,,2026-09-28
HONASA,,,2026-09-28
HONAUT,,,2026-09-28
HONDAPOWER,,,2026-09-28
HORIZONIND,,,2026-09-28
HPAL,,,2026-09-28
HPIL,,,2026-09-28
HPL,,,2026-09-28
HRYNSHP,,,2026-09-28
HSCL,,,2026-09-28
HTEL,,,2026-09-28
HTMEDIA,,,2026-09-28
HUBTOWN,,,2026-09-28
HUDCO,,,2026-09-28
HUHTAMAKI,,,2026-09-28
HYBRIDFIN,,,2026-09-28
HYUNDAI,,,2026-09-28
IBULLSLTD,,,2026-09-28
ICEMAKE,,,2026-09-28
ICICIAMC,,,2026-09-28
ICICIBANK,,,2026-09-28
ICICIGI,,,2026-09-28
ICICIPRULI,,,2026-09-28
ICIL,,,2026-09-28
ICRA,,,2026-09-28
IDBI,,,2026-09-28
IDEA,,,2026-09-28
IDEAFORGE,,,2026-09-28
IDFCFIRSTB,,,2026-09-28
IEX,,,2026-09-28
IFBAGRO,,,2026-09-28
IFBIND,,,2026-09-28
IFCI,,,2026-09-28
IFGLEXPOR,,,2026-09-28
IGARASHI,,,2026-09-28
IGCL,,,2026-09-28
IGIL,,,2026-09-28
IGL,,,2026-09-28
IGPL,,,2026-09-28
IIFL,,,2026-09-28
IIFLCAPS,,,2026-09-28
IITL,,,2026-09-28
IKIO,,,2026-09-28
IKS,,,2026-09-28
IMAGICAA,,,2026-09-28
IMFA,,,2026-09-28
IMPAL,,,2026-09-28
INA,,,2026-09-28
INCREDIBLE,,,2026-09-28
INDBANK,,,2026-09-28
INDGN,,,2026-09-28
INDHOTEL,,,2026-09-28
INDIACEM,,,2026-09-28
INDIAGLYCO,,,2026-09-28
INDIAMART,,,2026-09-28
INDIANB,,,2026-09-28
INDIANCARD,,,2026-09-28
INDIANHUME,,,2026-09-28
INDIASHLTR,,,2026-09-28
INDIGO,,,2026-09-28
INDIGOPNTS,,,2026-09-28
INDIQUBE,,,2026-09-28
INDNIPPON,,,2026-09-28
INDOAMIN,,,2026-09-28
INDOBORAX,,,2026-09-28
INDOCO,,,2026-09-28
INDOFARM,,,2026-09-28
INDOKEM,,,2026-09-28
INDOMIM,,,2026-09-28
INDORAMA,,,2026-09-28
INDOSTAR,,,2026-09-28
INDOTECH,,,2026-09-28
INDOTHAI,,,2026-09-28
INDOUS,,,2026-09-28
INDOWIND,,,2026-09-28
INDPRUD,,,2026-09-28
INDRAMEDCO,,,2026-09-28
INDSWFTLAB,,,2026-09-28
INDTERRAIN,,,2026-09-28
INDUSINDBK,,,2026-09-28
INDUSTOWER,,,2026-09-28
INFOBEAN,,,2026-09-28
INFOMEDIA,,,2026-09-28
INFY,,,2026-09-28
INGERRAND,,,2026-09-28
INNOVACAP,,,2026-09-28
INNOVANA,,,2026-09-28
INNOVISION,,,2026-09-28
INOXGREEN,,,2026-09-28
INOXINDIA,,,2026-09-28
INOXWIND,,,2026-09-28
INSECTICID,,,2026-09-28
INSPIRISYS,,,2026-09-28
INTELLECT,,,2026-09-28
INTENTECH,,,2026-09-28
INTERARCH,,,2026-09-28
INTLCONV,,,2026-09-28
INVENTURE,,,2026-09-28
IOB,,,2026-09-28
IOC,,,2026-09-28
IOLCP,,,2026-09-28
IONEXCHANG,,,2026-09-28
IPCALAB,,,2026-09-28
IPL,,,2026-09-28
IPRINGLTD,,,2026-09-28
IRB,,,2026-09-28
IRCON,,,2026-09-28
IRCTC,,,2026-09-28
IREDA,,,2026-09-28
IRFC,,,2026-09-28
IRIS,,,2026-09-28
IRISDOREME,,,2026-09-28
IRMENERGY,,,2026-09-28
ISGEC,,,2026-09-28
ISHANCH,,,2026-09-28
ISTLTD,,,2026-09-28
ITC,,,2026-09-28
ITCHOTELS,,,2026-09-28
ITDC,,,2026-09-28
ITI,,,2026-09-28
ITL,,,2026-09-28
IVALUE,,,2026-09-28
IVC,,,2026-09-28
IWP,,,2026-09-28
IXIGO,,,2026-09-28
IZMO,,,2026-09-28
J&KBANK,,,2026-09-28
JAGRAN,,,2026-09-28
JAGSNPHARM,,,2026-09-28
JAIBALAJI,,,2026-09-28
JAICORPLTD,Specialty Chemicals,Basic Materials,2026-09-28
JAINREC,Other Industrial Metals & Mining,Basic Materials,2026-09-28
JAIPURKURT,Apparel Manufacturing,Consumer Cyclical,2026-09-28
JAMNAAUTO,Auto Parts,Consumer Cyclical,2026-09-28
JARO,Education & Training Services,Consumer Defensive,2026-09-28
JASH,Specialty Industrial Machinery,Industrials,2026-09-28
JAYAGROGN,Specialty Chemicals,Basic Materials,2026-09-28
JAYBARMARU,Auto Parts,Consumer Cyclical,2026-09-28
JAYKAY,Specialty Business Services,Industrials,2026-09-28
JAYNECOIND,Steel,Basic Materials,2026-09-28
JAYSREETEA,Farm Products,Consumer Defensive,2026-09-28
JBMA,Auto Parts,Consumer Cyclical,2026-09-28
JENBURPH,Drug Manufacturers - Specialty & Generic,Healthcare,2026-09-28
JETFREIGHT,Integrated Freight & Logistics,Industrials,2026-09-28
JGCHEM,Other Industrial Metals & Mining,Basic Materials,2026-09-28
JHS,Household & Personal Products,Consumer Defensive,2026-09-28
JINDALPHOT,Asset Management,Financial Services,2026-09-28
JINDALPOLY,Packaging & Containers,Consumer Cyclical,2026-09-28
JINDALSAW,Steel,Basic Materials,2026-09-28
JINDALSTEL,Steel,Basic Materials,2026-09-28
JINDRILL,Oil & Gas Equipment & Services,Energy,2026-09-28
JINDWORLD,Textile Manufacturing,Consumer Cyclical,2026-09-28
JIOFIN,Asset Management,Financial Services,2026-09-28
JISLDVREQS,Conglomerates,Industrials,2026-09-28
JISLJALEQS,Conglomerates,Industrials,2026-09-28
JITFINFRA,Engineering & Construction,Industrials,2026-09-28
JKCEMENT,Building Materials,Basic Materials,2026-09-28
JKIL,Engineering & Construction,Industrials,2026-09-28
JKIPL,Industrial Distribution,Industrials,2026-09-28
JKLAKSHMI,Building Materials,Basic Materials,2026-09-28
JKPAPER,Paper & Paper Products,Basic Materials,2026-09-28
JKTYRE,Auto Parts,Consumer Cyclical,2026-09-28
JLHL,Medical Care Facilities,Healthcare,2026-09-28
JMA,Auto Parts,Consumer Cyclical,2026-09-28
JMFINANCIL,Capital Markets,Financial Services,2026-09-28
JNKINDIA,Specialty Industrial Machinery,Industrials,2026-09-28
JNPR,Utilities - Renewable,Utilities,2026-09-28
JOCIL,Specialty Chemicals,Basic Materials,2026-09-28
JPOLYINVST,Asset Management,Financial Services,2026-09-28
JPPOWER,Utilities - Independent Power Producers,Utilities,2026-09-28
JSFB,Banks - Regional,Financial Services,2026-09-28
JSL,Steel,Basic Materials,2026-09-28
JSLL,Medical Care Facilities,Healthcare,2026-09-28
JSWCEMENT,Building Materials,Basic Materials,2026-09-28
JSWDULUX,Specialty Chemicals,Basic Materials,2026-09-28
JSWENERGY,Utilities - Independent Power Producers,Utilities,2026-09-28
JSWHL,Asset Management,Financial Services,2026-09-28
JSWINFRA,Marine Shipping,Industrials,2026-09-28
JSWSTEEL,Steel,Basic Materials,2026-09-28
JTEKTINDIA,Auto Parts,Consumer Cyclical,2026-09-28
JTLIND,Steel,Basic Materials,2026-09-28
JUBLCPL,Specialty Chemicals,Basic Materials,2026-09-28
JUBLFOOD,Restaurants,Consumer Cyclical,2026-09-28
JUBLINGREA,Specialty Chemicals,Basic Materials,2026-09-28
JUBLPHARMA,Drug Manufacturers - Specialty & Generic,Healthcare,2026-09-28
JUNIPER,Lodging,Consumer Cyclical,2026-09-28
JUSTDIAL,Internet Content & Information,Communication Services,2026-09-28
JWL,Railroads,Industrials,2026-09-28
JYOTHYLAB,Household & Personal Products,Consumer Defensive,2026-09-28
JYOTICNC,Specialty Industrial Machinery,Industrials,2026-09-28
JYOTIRES,Specialty Chemicals,Basic Materials,2026-09-28
JYOTISTRUC,Specialty Industrial Machinery,Industrials,2026-09-28
KABRAEXTRU,Specialty Industrial Machinery,Industrials,2026-09-28
KAJARIACER,Building Products & Equipment,Industrials,2026-09-28
KAKATCEM,Building Materials,Basic Materials,2026-09-28
KALAMANDIR,Apparel Retail,Consumer Cyclical,2026-09-28
KALPATARU,Real Estate - Development,Real Estate,2026-09-28
KALYANKJIL,Luxury Goods,Consumer Cyclical,2026-09-28
KAMAHOLD,Conglomerates,Industrials,2026-09-28
KAMANWALA,Real Estate - Development,Real Estate,2026-09-28
KAMATHOTEL,Lodging,Consumer Cyclical,2026-09-28
KAMDHENU,Steel,Basic Materials,2026-09-28
KAMOPAINTS,Steel,Basic Materials,2026-09-28
KANANIIND,Luxury Goods,Consumer Cyclical,2026-09-28
KANCHI,Specialty Chemicals,Basic Materials,2026-09-28
KANCOTEA,Farm Products,Consumer Defensive,2026-09-28
KANOHAR,Electrical Equipment & Parts,Industrials,2026-09-28
KANPRPLA,Packaging & Containers,Consumer Cyclical,2026-09-28
KANSAINER,Specialty Chemicals,Basic Materials,2026-09-28
KAPSTON,Specialty Business Services,Industrials,2026-09-28
KARAMTARA,Solar,Technology,2026-09-28
KARMAENG,Utilities - Renewable,Utilities,2026-09-28
KARURVYSYA,Banks - Regional,Financial Services,2026-09-28
KAYNES,Electronic Components,Technology,2026-09-28
KCP,Building Materials,Basic Materials,2026-09-28
KDDL,Luxury Goods,Consumer Cyclical,2026-09-28
KDGREEN,Footwear & Accessories,Consumer Cyclical,2026-09-28
KEC,Engineering & Construction,Industrials,2026-09-28
KECL,Specialty Industrial Machinery,Industrials,2026-09-28
KEEPLEARN,Education & Training Services,Consumer Defensive,2026-09-28
KEI,Electrical Equipment & Parts,Industrials,2026-09-28
KELLTONTEC,Software - Application,Technology,2026-09-28
KENNAMET,Tools & Accessories,Industrials,2026-09-28
KERNEX,Software - Application,Technology,2026-09-28
KESORAMIND,Building Materials,Basic Materials,2026-09-28
KEYFINSERV,Capital Markets,Financial Services,2026-09-28
KFINTECH,Software - Application,Technology,2026-09-28
KHAICHEM,Agricultural Inputs,Basic Materials,2026-09-28
KHAITANLTD,Industrial Distribution,Industrials,2026-09-28
KHANDSE,Capital Markets,Financial Services,2026-09-28
KICL,Asset Management,Financial Services,2026-09-28
KIMS,Medical Care Facilities,Healthcare,2026-09-28
KINGFA,Specialty Chemicals,Basic Materials,2026-09-28
KIOCL,Steel,Basic Materials,2026-09-28
KIRANVYPAR,Capital Markets,Financial Services,2026-09-28
KIRIINDUS,Specialty Chemicals,Basic Materials,2026-09-28
KIRLFER,Metal Fabrication,Industrials,2026-09-28
KIRLOSBROS,Specialty Industrial Machinery,Industrials,2026-09-28
KIRLOSENG,Specialty Industrial Machinery,Industrials,2026-09-28
KIRLOSIND,Metal Fabrication,Industrials,2026-09-28
KIRLPNU,Specialty Industrial Machinery,Industrials,2026-09-28
KISSHT,Credit Services,Financial Services,2026-09-28
KITEX,Apparel Manufacturing,Consumer Cyclical,2026-09-28
KJMCFIN,Capital Markets,Financial Services,2026-09-28
KKCL,Apparel Manufacturing,Consumer Cyclical,2026-09-28
KLBRENG-B,Specialty Industrial Machinery,Industrials,2026-09-28
KMCSHIL,Medical Care Facilities,Healthcare,2026-09-28
KMEW,Marine Shipping,Industrials,2026-09-28
KMSUGAR,Confectioners,Consumer Defensive,2026-09-28
KNACK,Packaging & Containers,Consumer Cyclical,2026-09-28
KNAGRI,Farm Products,Consumer Defensive,2026-09-28
KNRCON,Engineering & Construction,Industrials,2026-09-28
KOHINOOR,Packaged Foods,Consumer Defensive,2026-09-28
KOKUYOCMLN,Business Equipment & Supplies,Industrials,2026-09-28
KOLTEPATIL,Real Estate - Development,Real Estate,2026-09-28
KOPRAN,Drug Manufacturers - General,Healthcare,2026-09-28
KOTAKBANK,Banks - Regional,Financial Services,2026-09-28
KOTHARIPET,Specialty Chemicals,Basic Materials,2026-09-28
KOTHARIPRO,Conglomerates,Industrials,2026-09-28
KOTIC,Agricultural Inputs,Basic Materials,2026-09-28
KOTYARK,Specialty Chemicals,Basic Materials,2026-09-28
KOVAI,Medical Care Facilities,Healthcare,2026-09-28
KPEL,Engineering & Construction,Industrials,2026-09-28
KPIGREEN,Utilities - Renewable,Utilities,2026-09-28
KPIL,Engineering & Construction,Industrials,2026-09-28
KPITTECH,Software - Application,Technology,2026-09-28
KPL,Drug Manufacturers - Specialty & Generic,Healthcare,2026-09-28
KPRMILL,Textile Manufacturing,Consumer Cyclical,2026-09-28
KRBL,Packaged Foods,Consumer Defensive,2026-09-28
KREBSBIO,Drug Manufacturers - Specialty & Generic,Healthcare,2026-09-28
KRIDHANINF,Steel,Basic Materials,2026-09-28
KRISHANA,Agricultural Inputs,Basic Materials,2026-09-28
KRISHIVAL,Packaged Foods,Consumer Defensive,2026-09-28
KRISHNADEF,Specialty Industrial Machinery,Industrials,2026-09-28
KRITI,Building Products & Equipment,Industrials,2026-09-28
KRITIKA,Steel,Basic Materials,2026-09-28
KRITINUT,Packaged Foods,Consumer Defensive,2026-09-28
KRN,Electronic Components,Technology,2026-09-28
KROSS,Auto Parts,Consumer Cyclical,2026-09-28
KRSNAA,Diagnostics & Research,Healthcare,2026-09-28
KRYSTAL,Specialty Business Services,Industrials,2026-09-28
KSB,Specialty Industrial Machinery,Industrials,2026-09-28
KSCL,Agricultural Inputs,Basic Materials,2026-09-28
KSE,Packaged Foods,Consumer Defensive,2026-09-28
KSHINTL,Electrical Equipment & Parts,Industrials,2026-09-28
KSHITIJPOL,Business Equipment & Supplies,Industrials,2026-09-28
KSL,Steel,Basic Materials,2026-09-28
KSOLVES,Software - Application,Technology,2026-09-28
KTKBANK,Banks - Regional,Financial Services,2026-09-28
KUANTUM,Paper & Paper Products,Basic Materials,2026-09-28
KUSUMGAR,Textile Manufacturing,Consumer Cyclical,2026-09-28
KWIL,Packaged Foods,Consumer Defensive,2026-09-28
LAGNAM,Textile Manufacturing,Consumer Cyclical,2026-09-28
LAHOTIOV,Textile Manufacturing,Consumer Cyclical,2026-09-28
LAKSHMIMIL,Textile Manufacturing,Consumer Cyclical,2026-09-28
LAL,Apparel Manufacturing,Consumer Cyclical,2026-09-28
LALITHAA,Luxury Goods,Consumer Cyclical,2026-09-28
LALPATHLAB,Diagnostics & Research,Healthcare,2026-09-28
LAMBODHARA,Textile Manufacturing,Consumer Cyclical,2026-09-28
LANCER,Integrated Freight & Logistics,Industrials,2026-09-28
LANDMARK,Auto & Truck Dealerships,Consumer Cyclical,2026-09-28
LANDSMILL,Conglomerates,Industrials,2026-09-28
LAOPALA,"Furnishings, Fixtures & Appliances",Consumer Cyclical,2026-09-28
LASERPOWER,Electrical Equipment & Parts,Industrials,2026-09-28
LATENTVIEW,Consulting Services,Industrials,2026-09-28
LATTEYS,Specialty Industrial Machinery,Industrials,2026-09-28
LAURUSLABS,Drug Manufacturers - Specialty & Generic,Healthcare,2026-09-28
LAXMICOT,Textile Manufacturing,Consumer Cyclical,2026-09-28
LAXMIDENTL,Medical Instruments & Supplies,Healthcare,2026-09-28
LAXMIINDIA,Credit Services,Financial Services,2026-09-28
LCCINFOTEC,Education & Training Services,Consumer Defensive,2026-09-28
LCCPROJECT,Infrastructure Operations,Industrials,2026-09-28
LCL,Specialty Industrial Machinery,Industrials,2026-09-28
LEAPIND,Integrated Freight & Logistics,Industrials,2026-09-28
LEMERITE,Textile Manufacturing,Consumer Cyclical,2026-09-28
LEMONTREE,Lodging,Consumer Cyclical,2026-09-28
LENSKART,Medical Instruments & Supplies,Healthcare,2026-09-28
LEXUS,Building Products & Equipment,Industrials,2026-09-28
LFIC,Asset Management,Financial Services,2026-09-28
LGBBROSLTD,Auto Parts,Consumer Cyclical,2026-09-28
LGEINDIA,Consumer Electronics,Technology,2026-09-28
LGHL,Luxury Goods,Consumer Cyclical,2026-09-28
LIBAS,Apparel Manufacturing,Consumer Cyclical,2026-09-28
LIBERTSHOE,Footwear & Accessories,Consumer Cyclical,2026-09-28
LICHSGFIN,Mortgage Finance,Financial Services,2026-09-28
LICI,Insurance - Life,Financial Services,2026-09-28
LIKHITHA,Oil & Gas Equipment & Services,Energy,2026-09-28
LINC,Business Equipment & Supplies,Industrials,2026-09-28
LINCOLN,Drug Manufacturers - Specialty & Generic,Healthcare,2026-09-28
LINDEINDIA,Specialty Chemicals,Basic Materials,2026-09-28
LKPSEC,Capital Markets,Financial Services,2026-09-28
LLOYDSENGG,Specialty Industrial Machinery,Industrials,2026-09-28
LLOYDSENT,Steel,Basic Materials,2026-09-28
LLOYDSME,Steel,Basic Materials,2026-09-28
LMW,Specialty Industrial Machinery,Industrials,2026-09-28
LODHA,Real Estate - Development,Real Estate,2026-09-28
LOKESHMACH,Specialty Industrial Machinery,Industrials,2026-09-28
LORDSCHLO,Chemicals,Basic Materials,2026-09-28
LOTUSCHO,Confectioners,Consumer Defensive,2026-09-28
LOTUSEYE,Medical Care Facilities,Healthcare,2026-09-28
LOVABLE,Apparel Manufacturing,Consumer Cyclical,2026-09-28
LOYALTEX,Textile Manufacturing,Consumer Cyclical,2026-09-28
LPDC,Real Estate Services,Real Estate,2026-09-28
LT,Engineering & Construction,Industrials,2026-09-28
LTF,Credit Services,Financial Services,2026-09-28
LTFOODS,Packaged Foods,Consumer Defensive,2026-09-28
LTM,Information Technology Services,Technology,2026-09-28
LTTS,Information Technology Services,Technology,2026-09-28
LUMAXIND,Auto Parts,Consumer Cyclical,2026-09-28
LUMAXTECH,Auto Parts,Consumer Cyclical,2026-09-28
LUMINO,Electrical Equipment & Parts,Industrials,2026-09-28
LUPIN,Drug Manufacturers - Specialty & Generic,Healthcare,2026-09-28
LUXIND,Apparel Manufacturing,Consumer Cyclical,2026-09-28
LXCHEM,Specialty Chemicals,Basic Materials,2026-09-28
M&M,Auto Manufacturers,Consumer Cyclical,2026-09-28
M&MFIN,Credit Services,Financial Services,2026-09-28
MAANALU,Aluminum,Basic Materials,2026-09-28
MACPOWER,Specialty Industrial Machinery,Industrials,2026-09-28
MADHAV,Building Products & Equipment,Industrials,2026-09-28
MADHAVIPL,Engineering & Construction,Industrials,2026-09-28
MADHUCON,Engineering & Construction,Industrials,2026-09-28
MADRASFERT,Agricultural Inputs,Basic Materials,2026-09-28
MAFATIND,Textile Manufacturing,Consumer Cyclical,2026-09-28
MAGADSUGAR,Confectioners,Consumer Defensive,2026-09-28
MAGNUM,Paper & Paper Products,Basic Materials,2026-09-28
MAHABANK,Banks - Regional,Financial Services,2026-09-28
MAHAPEXLTD,Credit Services,Financial Services,2026-09-28
MAHEPC,Farm & Heavy Construction Machinery,Industrials,2026-09-28
MAHESHWARI,Integrated Freight & Logistics,Industrials,2026-09-28
MAHLIFE,Real Estate - Development,Real Estate,2026-09-28
MAHLOG,Integrated Freight & Logistics,Industrials,2026-09-28
MAHSCOOTER,Asset Management,Financial Services,2026-09-28
MAHSEAMLES,Steel,Basic Materials,2026-09-28
MAITHANALL,Steel,Basic Materials,2026-09-28
MAKERSL,Drug Manufacturers - Specialty & Generic,Healthcare,2026-09-28
MALLCOM,Security & Protection Services,Industrials,2026-09-28
MALUPAPER,Paper & Paper Products,Basic Materials,2026-09-28
MAMATA,Specialty Industrial Machinery,Industrials,2026-09-28
MANAKALUCO,Aluminum,Basic Materials,2026-09-28
MANAKCOAT,Metal Fabrication,Industrials,2026-09-28
