Symbol,Company,Session,Score,RVol,Gap_pct,Gap_Source,ATR_pct,Prev_Close,Open,OR_High,OR_Low,OR_Range_pct,Long_Trigger,Long_Stop,Short_Trigger,Short_Stop,Stop_Dist,Risk_pct,Exit,Breakeven_pct,Cost_vs_ATR,Turnover_Cr,Open_Vol,Last
DRREDDY,Dr. Reddy's Laboratories Limited,2026-09-29,20.4,20.4,1.82,daily bar,1.9,1221.0,1243.2,1243.6,1230.8,1.03,1243.6,1231.79,1230.8,1242.61,11.81,0.95,close,0.183,9.6,170.65,329199,1237.7
POLICYBZR,PB Fintech Limited,2026-09-29,14.46,14.46,0.94,daily bar,10.06,1151.3,1162.1,1162.1,1135.0,2.33,1162.1,1103.66,1135.0,1193.43,58.44,5.03,close,0.182,1.8,591.59,219754,1103.3
TATACHEM,Tata Chemicals Limited,2026-09-29,14.06,14.06,-1.4,daily bar,6.69,641.45,632.5,640.5,628.3,1.93,640.5,619.33,628.3,649.47,21.17,3.31,close,0.182,2.7,226.49,560206,620.75
WHIRLPOOL,Whirlpool of India Limited,2026-09-29,8.86,8.86,-0.69,daily bar,4.51,918.9,912.55,912.3,901.7,1.16,912.3,891.72,901.7,922.28,20.58,2.26,close,0.183,4.1,252.62,51763,880.65
ELECON,Elecon Engineering Company Limited,2026-09-29,7.41,7.41,-0.6,daily bar,3.38,480.75,477.85,478.2,470.55,1.6,478.2,470.13,470.55,478.62,8.06,1.69,close,0.183,5.4,122.98,73696,473.4
CIPLA,Cipla Limited,2026-09-29,4.89,4.89,-0.69,daily bar,1.77,1399.7,1390.0,1401.0,1388.1,0.93,1401.0,1388.67,1388.1,1400.42,12.32,0.88,close,0.183,10.3,124.68,39666,1394.4
TORNTPHARM,Torrent Pharmaceuticals Limited,2026-09-29,4.58,4.58,-2.08,daily bar,2.02,4988.5,4884.5,4913.0,4871.0,0.86,4913.0,4863.73,4871.0,4920.27,49.27,1.0,close,0.184,9.1,150.0,12332,4844.5
TMPV,Tata Motors Passenger Vehicles Limited,2026-09-29,4.21,4.21,-0.98,daily bar,2.89,281.75,279.0,278.95,275.6,1.2,278.95,274.92,275.6,279.63,4.03,1.44,close,0.183,6.3,264.2,1036782,274.3
GESHIP,The Great Eastern Shipping Company Limited,2026-09-29,4.04,4.04,2.42,daily bar,2.38,1497.2,1533.4,1565.2,1527.0,2.49,1565.2,1546.97,1527.0,1545.23,18.23,1.16,close,0.183,7.7,137.59,77417,1573.1
HDFCAMC,HDFC Asset Management Company Limited,2026-09-29,3.92,3.92,-0.7,daily bar,1.94,2302.3,2286.1,2301.1,2287.4,0.6,2301.1,2278.91,2287.4,2309.59,22.18,0.96,close,0.183,9.4,134.52,30037,2288.3
SUNPHARMA,Sun Pharmaceutical Industries Limited,2026-09-29,3.88,3.88,0.87,daily bar,1.53,1838.0,1853.9,1858.9,1841.9,0.92,1858.9,1844.76,1841.9,1856.05,14.14,0.76,close,0.183,12.0,264.53,62789,1846.2
TFCILTD,Tourism Finance Corporation of India Limited,2026-09-29,3.1,3.1,0.99,daily bar,3.1,138.31,139.68,141.43,140.23,0.86,141.43,139.27,140.23,142.39,2.17,1.53,close,0.183,5.9,150.82,901781,140.19
WOCKPHARMA,Wockhardt Limited,2026-09-29,2.84,2.84,0.52,daily bar,4.18,2187.6,2199.0,2254.0,2199.0,2.5,2254.0,2207.99,2199.0,2245.01,46.01,2.04,close,0.183,4.4,292.27,105659,2185.0
CHOLAFIN,Cholamandalam Investment and Finance Company Limited,2026-09-29,2.83,2.83,-0.87,daily bar,2.95,1634.2,1620.0,1617.3,1609.0,0.51,1617.3,1593.43,1609.0,1632.87,23.87,1.48,close,0.183,6.2,237.02,62553,1606.0
HDFCLIFE,HDFC Life Insurance Company Limited,2026-09-29,2.75,2.75,-1.02,daily bar,3.39,531.6,526.2,528.35,521.8,1.24,528.35,519.44,521.8,530.71,8.91,1.69,close,0.182,5.4,234.16,160134,521.1
LUPIN,Lupin Limited,2026-09-29,2.67,2.67,0.68,daily bar,1.79,2062.0,2076.0,2096.0,2078.0,0.87,2096.0,2077.43,2078.0,2096.57,18.57,0.89,close,0.183,10.2,134.09,27572,2086.9
MARICO,Marico Limited,2026-09-29,2.14,2.14,-1.0,daily bar,2.02,813.25,805.1,808.65,799.3,1.16,808.65,800.5,799.3,807.45,8.15,1.01,close,0.183,9.1,128.28,50100,799.25
AXISBANK,Axis Bank Limited,2026-09-29,2.07,2.07,-0.65,daily bar,2.08,1209.9,1202.0,1211.6,1198.8,1.06,1211.6,1199.11,1198.8,1211.29,12.49,1.03,close,0.183,8.8,560.19,111110,1196.5
MAXHEALTH,Max Healthcare Institute Limited,2026-09-29,2.06,2.06,-0.71,daily bar,2.2,1000.1,993.0,998.4,992.4,0.6,998.4,987.47,992.4,1003.33,10.93,1.09,close,0.183,8.3,186.26,39904,989.9
NESTLEIND,Nestle India Limited,2026-09-29,2.04,2.04,-1.59,daily bar,2.02,1362.6,1341.0,1348.9,1339.2,0.72,1348.9,1335.35,1339.2,1352.75,13.55,1.0,close,0.183,9.1,145.44,21703,1342.4
